{
  "stores": [
    {
      "id": 1,
      "name": "Alphabeto Campos Pelinca ",
      "address": "Av Pelinca 100 lojas 3 a 5",
      "city": "Campos dos Goytacazes",
      "state": "RJ",
      "cep": "28035-175",
      "whatsapp": "5522981289516",
      "lat": 21.0,
      "lng": 41.0,
      "hours": "Seg-Sáb: 10H-22H | Dom: 12H-21H | Dom: 12H-21H"
    },
    {
      "id": 2,
      "name": "Alphabeto Rio Sul ",
      "address": "Av Lauro Sodré, 445 loja 301, Parte  C 21, Botafogo ",
      "city": "Rio de Janeiro ",
      "state": "RJ",
      "cep": 22290070,
      "whatsapp": "5521971247415",
      "lat": 2.0,
      "lng": 1.0,
      "hours": "Seg-Sáb: 10H-22H | Dom: 12H-21H | Dom: 12H-21H"
    },
    {
      "id": 3,
      "name": "Alphabeto Nova América",
      "address": "Av. pastor martin luther king Jr 126 loja 706 primeiro piso ao lado da rua do Rio",
      "city": "Rio de Janeiro",
      "state": "RJ",
      "cep": 20765000,
      "whatsapp": "5521996955142",
      "lat": -2.28776008091268e+16,
      "lng": -4327136968576020.0,
      "hours": "Seg-Sáb: 10H-22H | Dom: 12H-21H | Dom: 12H-21H"
    },
    {
      "id": 4,
      "name": "Alphabeto Salvador Shopping ",
      "address": "AV TANCREDO NEVES n 148",
      "city": "SALVADOR",
      "state": "BAHIA",
      "cep": 41820020,
      "whatsapp": "5571996636656",
      "lat": -129879.0,
      "lng": -384781.0,
      "hours": "Seg-Sáb: 10H-22H | Dom: 12H-21H | Dom: 12H-21H"
    },
    {
      "id": 5,
      "name": "Alphabeto Ibirapuera ",
      "address": "Av Ibirapuera 3103 loja120 piso Moema ",
      "city": "São Paulo ",
      "state": "SP",
      "cep": "04029-902",
      "whatsapp": "5511932888817",
      "lat": -23.5972,
      "lng": -46.6582,
      "hours": "Seg-Sáb: 10H-22H | Dom: 12H-21H | Dom: 12H-21H"
    },
    {
      "id": 6,
      "name": "Alphabeto Shopping Barra Salvador",
      "address": "Avenida Centenário",
      "city": "Salvador",
      "state": "BA",
      "cep": 41140400,
      "whatsapp": "5571999963037",
      "lat": 13005692.0,
      "lng": 38523843.0,
      "hours": "Seg-Sáb: 10H-22H | Dom: 12H-21H | Dom: 12H-21H"
    },
    {
      "id": 7,
      "name": "Alphabeto Salvador Shopping ",
      "address": "Avenida Tancredo Neves Nº 3133, loja comercial 1188 L 1 Caminho das Árvores ",
      "city": "Salvador ",
      "state": "Bahia ",
      "cep": "41.820-810 ",
      "whatsapp": "5571996803770",
      "lat": -12.9781612,
      "lng": -12.9781612,
      "hours": "Seg-Sáb: 10H-22H | Dom: 12H-21H | Dom: 12H-21H"
    },
    {
      "id": 8,
      "name": "Alphabeto Barra shopping ",
      "address": "Av das Américas, 4666 Loja 105 B",
      "city": "Rio de Janeiro",
      "state": "RJ ",
      "cep": 22640102,
      "whatsapp": "5521996628735",
      "lat": 2.29981933184503e+16,
      "lng": 4335657163839300.0,
      "hours": "Segunda A Sábado 10H-22Hh Domingos E Feriados 13H-21Hh"
    },
    {
      "id": 9,
      "name": "Alphabeto Shopping Tijuca",
      "address": "Avenida Maracnã 987 loja 2038",
      "city": "Rio de Janeiro",
      "state": "RJ",
      "cep": 20511000,
      "whatsapp": "5521967809973",
      "lat": -2292191.0,
      "lng": -4323564.0,
      "hours": "Seg-Sáb: 10H-22H | Dom: 12H-21H | Dom: 12H-21H"
    },
    {
      "id": 10,
      "name": "Alphabeto Shopping Morumbi",
      "address": "Avenida Roque Petroni Júnior, 1089\nloja 95-S Pisuperior Ponto de referência: dentro do sshopping morumbi ao lado da loja carters",
      "city": "São Paulo",
      "state": "SP",
      "cep": "04707-900",
      "whatsapp": "1130402110",
      "lat": -2.36234904095345e+16,
      "lng": -4670053859434570.0,
      "hours": "Seg-Sáb: 10H-22H | Dome Feriado : 14H-20H)"
    },
    {
      "id": 11,
      "name": "Alphabeto Teresina",
      "address": "Av. Mar. Castelo Branco, 911 - Piso L3 - Porenquanto, Teresina - PI, 64003-087",
      "city": "Teresina",
      "state": "PI",
      "cep": 64003087,
      "whatsapp": "5586981161015",
      "lat": -507653.0,
      "lng": -4280231.0,
      "hours": "Seg-Sáb: 10H-22H | Dom: 12H-21H | Dom: 12H-21H"
    },
    {
      "id": 12,
      "name": "Alphabeto Plaza Shopping Niterói",
      "address": "Rua Quinze de Novembro número 8 numero 202 L2",
      "city": "Niterói",
      "state": "RJ",
      "cep": 24020125,
      "whatsapp": "5521997487090",
      "lat": 2289623146756630.0,
      "lng": 4312394162114360.0,
      "hours": "Seg-Sábunda A Sabado De 10H-22H / Dom: 15H-21H | Dom: 12H-21H"
    },
    {
      "id": 13,
      "name": "Alphabeto Barra shopping ",
      "address": "AV DAS AMERICAS, 4666  LOJA 105B Barra da Tijuca",
      "city": "RIO DE JANEIRO",
      "state": "RJ",
      "cep": 22640102,
      "whatsapp": "5521996628735",
      "lat": 2.29981933184503e+16,
      "lng": 433565713839304.0,
      "hours": "Segunda A Sábado 10H-22Hh Domingos E Feriados 13:00 - 22 Feriados Aos Sábados Abre: 10H-22Hh"
    },
    {
      "id": 14,
      "name": "Alphabeto Icaraí",
      "address": "Rua Tavares de Macedo, 130",
      "city": "Niterói ",
      "state": "RJ",
      "cep": 24220211,
      "whatsapp": "5521995977783",
      "lat": -2290411.0,
      "lng": -4311177.0,
      "hours": "9H-19H Seg A Sexta 9H-18H Sábados Domingos E Feriados Não Funcionamos"
    },
    {
      "id": 15,
      "name": "Alphabeto Gávea",
      "address": "Rua Marquês de São Vicente 52 loja 348",
      "city": "Rio de janeiro",
      "state": "RJ",
      "cep": "22451-041",
      "whatsapp": "5521999650465",
      "lat": 22.0,
      "lng": 22.0,
      "hours": "Seg-Sáb: 10H-22H | Dom: 12H-21H | Dom: 12H-21H"
    },
    {
      "id": 16,
      "name": "Alphabeto Outlet Premium",
      "address": "Avenida Dona Tereza Cristina 2000, loja 1009",
      "city": "Duque de Caxias ",
      "state": "RJ",
      "cep": 26243620,
      "whatsapp": "5521971204814",
      "lat": 226903073.0,
      "lng": 432914850.0,
      "hours": "Seg-Sáb: 10H-22H | Dom: 12H-21H | Dom: 12H-21H"
    },
    {
      "id": 17,
      "name": "Alphabeto Uberlandia",
      "address": "Av João Naves de Ávila, 1331 Loja 23",
      "city": "Uberlândia ",
      "state": "Minas Gerais",
      "cep": "38408-902",
      "whatsapp": "5534992116320",
      "lat": -1890910.0,
      "lng": -4826034.0,
      "hours": "Seg-Sáb: 10H-22H | Dom: 12H-21H | Dom: 12H-21H"
    },
    {
      "id": 18,
      "name": "Alphabeto Shopping contagem ",
      "address": "Avenida Severino Ballesteros Rodrigues  850 bairro Cabral ",
      "city": "Contagem ",
      "state": "Minas Gerais ",
      "cep": "32146_025",
      "whatsapp": "5531990850769",
      "lat": 1989656.0,
      "lng": 4404276.0,
      "hours": "Seg-Sáb: 10H-22H | Dom: 12H-21H | Dom: 12H-21H"
    },
    {
      "id": 19,
      "name": "Alphabeto Shopping Paragem",
      "address": "Avenida Professor Mário Werneck, 1.360, loja 128, Bairro Buritis, BH, MG, CEP: 30.455-610, Shopping Paragem",
      "city": "Belo Horizonte",
      "state": "MG",
      "cep": "30455-610",
      "whatsapp": "5531971369325",
      "lat": 0.0,
      "lng": 0.0,
      "hours": "Seg-Sáb: 10H-22H | Dom: 12H-21H | Dom: 12H-21H"
    },
    {
      "id": 20,
      "name": "Alphabeto Boulevard Belem",
      "address": "Av Visconde de Souza Franco 776",
      "city": "Belem",
      "state": "PA",
      "cep": 66053000,
      "whatsapp": "5591985001515",
      "lat": -1.44707,
      "lng": -48.48801,
      "hours": "Seg-Sáb: 10H-22H | Dom: 12H-21H | Dom: 12H-21H"
    },
    {
      "id": 21,
      "name": "Alphabeto Park Jacarepaguá",
      "address": "Estrada de Jacarepaguá, 6069 Loja 148 B - Anil",
      "city": "Rio de Janeiro",
      "state": "RJ",
      "cep": 22753033,
      "whatsapp": "5521983510023",
      "lat": -2.29560559962008e+16,
      "lng": -4333733770433510.0,
      "hours": "Seg-Sáb: 10H-22H | Dom: 12H-21H | Dom: 12H-21H"
    },
    {
      "id": 22,
      "name": "Alphabeto Indepêndencia",
      "address": "Avenida Presidente Itamar Franco 3600 , loja 129. Independência Shopping ",
      "city": "Juiz de Fora",
      "state": "MG",
      "cep": 36033318,
      "whatsapp": "5532988387764",
      "lat": 21.78081,
      "lng": 21.78081,
      "hours": "Seg-Sáb: 10H-22H | Dom: 12H-21H | Dom: 12H-21H"
    },
    {
      "id": 23,
      "name": "Alphabeto Indaiatuba",
      "address": "Av. Presidente Kennedy, 230",
      "city": "Indaiatuba",
      "state": "SP",
      "cep": 13331488,
      "whatsapp": "5519996312955",
      "lat": -2307969.0,
      "lng": -4721186.0,
      "hours": "Seg-Sáb A Sexta: 9H-19H / Sab: 9H-14H Dom: Fechado"
    },
    {
      "id": 24,
      "name": "Alphabeto Shopping Del Rey",
      "address": "Avenida Carlos Luz,3000 - Loja 3056-Bairro:Caiçaras ",
      "city": "Belo Horizonte ",
      "state": "MG",
      "cep": "31250-010.   ",
      "whatsapp": "5531983350101",
      "lat": -19890415.0,
      "lng": -43967998.0,
      "hours": "Seg-Sáb: 10H-22H | Dom: 12H-21H | Dom: 12H-21H"
    },
    {
      "id": 25,
      "name": "Alphabeto Via Shopping",
      "address": "Avenida Afonso Vaz de Melo 640 loja 223 piso 2  lado A,  Barreiro ",
      "city": "Belo Horizonte ",
      "state": "Minas Gerais ",
      "cep": 30640070,
      "whatsapp": "3132342805",
      "lat": -19.9743795,
      "lng": -19.9743795,
      "hours": "Seg-Sáb A Sab 10 - 22 / Dom 14 - 20"
    },
    {
      "id": 26,
      "name": "Alphabeto Betim",
      "address": "Rod. Fernão Dias, 601 - Km 492 - São João, Betim - MG",
      "city": "Betim",
      "state": "Mg",
      "cep": " 32655-505",
      "whatsapp": "5553189875277",
      "lat": -19.96101,
      "lng": -44.15906,
      "hours": "10 - 22 Seg-Sáb A Sabado 14 - 20 Dom"
    },
    {
      "id": 27,
      "name": "Alphabeto Goiabeiras ",
      "address": "O endereço do Goiabeiras Shopping é Avenida José Monteiro de Figueiredo, 500, Duque de Caxias, Cuiabá, Mato Grosso, Brasil, CEP 78043-900, ",
      "city": "Cuiabá ",
      "state": "MT",
      "cep": 78043900,
      "whatsapp": "5565996231215",
      "lat": -15.587866,
      "lng": -15.587866,
      "hours": "Seg-Sáb: 10H-22H | Dom: 12H-21H | Dom: 12H-21H"
    },
    {
      "id": 28,
      "name": "Alphabeto Macaé ",
      "address": "Avenida Rui Barbosa 674 loja B",
      "city": "Macaé ",
      "state": "RJ",
      "cep": 27910362,
      "whatsapp": "5522997136124",
      "lat": -22.376048,
      "lng": -41.777468,
      "hours": "Seg-Sáb: 10H-22H | Dom: 12H-21H | Dom: 12H-21H"
    },
    {
      "id": 29,
      "name": "Alphabeto Santo André",
      "address": "Avenida Industrial, 600, loja 559, Campestre",
      "city": "Santo André",
      "state": "SP",
      "cep": "09080-501",
      "whatsapp": "5511997937700",
      "lat": -23648821.0,
      "lng": -46532188.0,
      "hours": "Seg-Sáb: 10H-22H | Dom: 12H-21H | Dom: 12H-21H"
    },
    {
      "id": 30,
      "name": "Alphabeto Manauara Shopping",
      "address": "Av. Mario Ypiranga, 1300  - Adrianópolis",
      "city": "Manaus",
      "state": "Am",
      "cep": 69057002,
      "whatsapp": "5592981437959",
      "lat": -3.1026,
      "lng": -60.01361,
      "hours": "Seg-Sáb: 10H-22H | Dom: 12H-21H | Dom: 12H-21H"
    },
    {
      "id": 31,
      "name": "Alphabeto Shopping Campo Grande",
      "address": "Avenida Afonso Pena, 4909\nShopping Campo Grande - 2piso",
      "city": "Campo Grande ",
      "state": "MS",
      "cep": "79040-010",
      "whatsapp": "",
      "lat": -20457644.0,
      "lng": -54587903.0,
      "hours": "Seg-Sáb: 10H-22H | Dom: 12H-21H | Dom: 12H-21H"
    },
    {
      "id": 32,
      "name": "Alphabeto River Shopping",
      "address": "Avenida Monsenhor Ângelo Sampaio,100 - loja 26",
      "city": "Petrolina",
      "state": "PE",
      "cep": 56305920,
      "whatsapp": "5587988436788",
      "lat": -9387684217528460.0,
      "lng": -4048917563195800.0,
      "hours": "(Seg-Sáb; 10H-22H / Dom: 12H-21H) | Dom: 12H-21H"
    },
    {
      "id": 33,
      "name": "Alphabeto Montes Claros",
      "address": "Av. Donato Quintino, nº90 - bairro Cidade Nova",
      "city": "Montes Claros",
      "state": "Minas Gerais",
      "cep": 39400546,
      "whatsapp": "5538992410038",
      "lat": -16.741556154380255,
      "lng": -16.741556154380255,
      "hours": "Seg - Sáb: 10H-22H / Dom: 14H-20H | Dom: 12H-21H"
    },
    {
      "id": 34,
      "name": "Alphabeto Porto Velho Shopping",
      "address": "Av. Prefeito Chiquilito Erse, n. 3288, bairro Flodoaldo Pontes Pinto, Porto Velho Shopping",
      "city": "Porto Velho",
      "state": "RO",
      "cep": "76820-408",
      "whatsapp": "5569999798769",
      "lat": -874787620675066.0,
      "lng": 6.38763244056198e+16,
      "hours": "Seg-Sáb: 10H-22H | Dom: 12H-21H | Dom: 12H-21H"
    },
    {
      "name": "Alphabeto Bangu Shopping",
      "address": "RuaFonseca, 240 - lj 121L - Bangu",
      "city": "Rio de Janeiro",
      "state": "RJ",
      "cep": "21820-005",
      "whatsapp": "5521981320362",
      "lat": -22.8786176,
      "lng": -43.4536448,
      "hours": "Seg-Sáb: 10H-22H | Dom: 12H-21H | Dom: 12H-21H",
      "id": 35
    },
    {
      "name": "Alphabeto Parque Shopping Sulacap",
      "address": "Av. Marechal Fontenele, 3545 - LOJA 191 - Realengo",
      "city": "Rio de Janeiro",
      "state": "RJ",
      "cep": "21750-000",
      "whatsapp": "5521981320362",
      "lat": -22.8860504,
      "lng": -43.4076426,
      "hours": "Seg-Sáb: 10H-22H | Dom: 12H-21H | Dom: 12H-21H",
      "id": 36
    },
    {
      "name": "Alphabeto Park Jacarepagua",
      "address": "Estr. de Jacarepaguá, 6069 - Jacarepaguá",
      "city": "Rio de Janeiro",
      "state": "RJ",
      "cep": "22753-038",
      "whatsapp": "5521983510023",
      "lat": null,
      "lng": null,
      "hours": "Seg-Sáb: 10H-22H | Dom: 12H-21H | Dom: 12H-21H",
      "id": 37
    },
    {
      "name": "Alphabeto Tijuca Shopping 45",
      "address": "Rua Soares da Costa n°10 loja 10C - Tijuca",
      "city": "Rio de Janeiro",
      "state": "RJ",
      "cep": "20520-100",
      "whatsapp": "5521979961894",
      "lat": -22.9249419,
      "lng": -43.2345614,
      "hours": "Seg-Sex: 9H-19H | Sáb: 9H-16H | Dom: 12H-21H",
      "id": 38
    },
    {
      "name": "Alphabeto Shopping Boulevard Rio",
      "address": "R. Barão de São Francisco, 236 - Shops 247 / 248 - Vila Isabel",
      "city": "Rio de Janeiro",
      "state": "RJ",
      "cep": "20560-030",
      "whatsapp": "5521995547399",
      "lat": -22.9191568,
      "lng": -43.2504734,
      "hours": "Seg-Sáb: 10H-22H | Dom: 12H-21H | Dom: 12H-21H",
      "id": 39
    }
  ],
  "sac": {
    "name": "Fadinhas do SAC",
    "whatsapp": "5521999422795",
    "message": "Olá! Gostaria de falar com as Fadinhas do SAC da Alphabeto! 🧚‍♀️"
  }
}